{
  "SemiGradientSarsa": {
    "weights": [
      0.30019403,
      0.74379706,
      0.24057719,
      0.2520238,
      0.50116765,
      0.6748921,
      0.6661517,
      0.5214175,
      0.29415667,
      0.6046776,
      0.2408902,
      0.26716146,
      0.09272797,
      0.45889658,
      0.02450183,
      0.2373468,
      0.06345567,
      0.0,
      0.18984714,
      0.0,
      -0.0023693417,
      0.24932864,
      0.0,
      0.0,
      0.0,
      0.0,
      0.0,
      0.055274557,
      0.0,
      0.0,
      0.20664603,
      0.0,
      0.0,
      0.03775176,
      0.0,
      0.0,
      0.0,
      0.0,
      0.0,
      0.08421379,
      0.0,
      0.0,
      0.0414287,
      0.0,
      0.0,
      0.0,
      0.0,
      0.0,
      0.0,
      0.0,
      0.0,
      0.0,
      0.0,
      0.0,
      0.0,
      0.0,
      0.0,
      0.0,
      0.0,
      0.0,
      0.0,
      0.0,
      0.0,
      0.0
    ],
    "num_features": 64,
    "alpha": 0.1,
    "epsilon": 0.1,
    "gamma": 0.99
  }
}