{
  "PolicyIteration": {
    "num_states": 16,
    "num_actions": 4,
    "gamma": 0.99,
    "theta": 0.1,
    "policy": [
      2,
      3,
      3,
      3,
      0,
      3,
      3,
      3,
      0,
      3,
      3,
      3,
      0,
      3,
      3,
      3
    ],
    "value": [
      45.378605,
      45.92482,
      45.465572,
      45.010918,
      45.92482,
      45.465572,
      45.010918,
      44.56081,
      45.465572,
      45.010918,
      44.56081,
      44.115204,
      45.010918,
      44.56081,
      44.115204,
      43.674053
    ]
  }
}