{
  "Sarsa": {
    "q_table": [
      [
        0.0,
        0.0,
        0.0,
        0.0
      ],
      [
        0.0,
        0.91645217,
        0.9612781,
        0.99999976
      ],
      [
        0.0,
        0.4302252,
        0.8389049,
        0.9891584
      ],
      [
        0.0,
        0.0,
        0.02146571,
        0.85922426
      ],
      [
        0.99999976,
        0.7659506,
        0.23155116,
        0.0
      ],
      [
        0.98311055,
        0.8007451,
        0.7678582,
        0.9329865
      ],
      [
        0.9154612,
        0.07263092,
        0.043285422,
        0.6308946
      ],
      [
        0.34769884,
        0.0,
        0.0,
        0.0
      ],
      [
        0.7594444,
        0.0,
        0.0,
        0.0
      ],
      [
        0.97680765,
        0.083394244,
        0.24802376,
        0.26702997
      ],
      [
        0.43961385,
        0.0,
        0.0,
        0.1812827
      ],
      [
        0.0,
        0.0,
        -0.1,
        0.0
      ],
      [
        0.0,
        0.0,
        0.0,
        0.0
      ],
      [
        0.6246483,
        0.0,
        0.0,
        0.0
      ],
      [
        0.0,
        0.0,
        0.0,
        0.0
      ],
      [
        0.0,
        0.0,
        0.0,
        0.0
      ]
    ],
    "alpha": 0.1,
    "epsilon": 0.1,
    "gamma": 0.99
  }
}