{
  "QLearning": {
    "q_table": [
      [
        0.0,
        0.0
      ],
      [
        -0.61729103,
        0.0035636383
      ],
      [
        0.0000054484353,
        0.9888273
      ],
      [
        0.003555859,
        0.9998796
      ],
      [
        0.0,
        0.0
      ]
    ],
    "alpha": 0.001,
    "epsilon": 0.001,
    "gamma": 0.99
  }
}