{
  "SemiGradientSarsa": {
    "weights": [
      -0.025593137,
      0.9762686,
      0.9870127,
      1.0003382,
      0.0,
      0.0,
      0.0,
      0.0,
      0.0,
      0.0
    ],
    "num_features": 10,
    "alpha": 0.1,
    "epsilon": 0.1,
    "gamma": 0.99
  }
}