{
  "Sarsa": {
    "q_table": [
      [
        0.0,
        0.0
      ],
      [
        -0.93538916,
        0.962427
      ],
      [
        0.6199374,
        0.9888387
      ],
      [
        0.97255206,
        0.99999976
      ],
      [
        0.0,
        0.0
      ]
    ],
    "alpha": 0.1,
    "epsilon": 0.1,
    "gamma": 0.99
  }
}