{
  "OffPolicyMonteCarloControl": {
    "num_states": 5,
    "num_actions": 2,
    "q_values": [
      [
        0.0,
        0.0
      ],
      [
        -0.45,
        0.0
      ],
      [
        -0.39549997,
        0.0
      ],
      [
        0.0,
        1.0985224
      ],
      [
        0.0,
        0.0
      ]
    ],
    "c_values": [
      [
        0.0,
        0.0
      ],
      [
        1.0,
        0.0
      ],
      [
        1.0,
        0.0
      ],
      [
        0.0,
        9999.0
      ],
      [
        0.0,
        0.0
      ]
    ],
    "policy": [
      0,
      0,
      0,
      0,
      0
    ],
    "epsilon": 0.01,
    "gamma": 0.99,
    "min_epsilon": 0.01,
    "epsilon_decay": 0.995
  }
}