{
  "DynaQ": {
    "q_table": [
      [
        0.0,
        0.0
      ],
      [
        -0.999997,
        0.9800912
      ],
      [
        0.9702873,
        0.98999405
      ],
      [
        0.9800912,
        0.999997
      ],
      [
        0.0,
        0.0
      ]
    ],
    "model": [
      [
        [
          3,
          1
        ],
        [
          1.0,
          4
        ]
      ],
      [
        [
          1,
          1
        ],
        [
          0.0,
          2
        ]
      ],
      [
        [
          2,
          1
        ],
        [
          0.0,
          3
        ]
      ],
      [
        [
          1,
          0
        ],
        [
          -1.0,
          0
        ]
      ],
      [
        [
          3,
          0
        ],
        [
          0.0,
          2
        ]
      ],
      [
        [
          2,
          0
        ],
        [
          0.0,
          1
        ]
      ]
    ],
    "alpha": 0.01,
    "epsilon": 0.01,
    "gamma": 0.99,
    "planning_steps": 5
  }
}