{
  "QLearning": {
    "q_table": [
      [
        0.0,
        0.0,
        0.0
      ],
      [
        -0.001,
        0.0,
        0.0
      ],
      [
        0.999948,
        -0.0039940043,
        0.0
      ],
      [
        0.0008870261,
        -0.0019950082,
        0.9766003
      ]
    ],
    "alpha": 0.001,
    "epsilon": 0.001,
    "gamma": 0.99
  }
}