{
  "Sarsa": {
    "q_table": [
      [
        0.0,
        0.99999976,
        -0.9999897
      ],
      [
        -0.99999326,
        0.0,
        0.99999976
      ],
      [
        0.99999976,
        -0.999997,
        0.0
      ],
      [
        0.9678336,
        0.5370009,
        0.70252347
      ]
    ],
    "alpha": 0.1,
    "epsilon": 0.1,
    "gamma": 0.99
  }
}