{
  "SemiGradientSarsa": {
    "weights": [
      -1.1713874,
      0.69995826,
      0.20033723,
      0.56281996,
      -0.25463638,
      0.0,
      -0.75981027,
      0.0,
      0.0,
      0.0,
      0.0,
      0.0
    ],
    "num_features": 12,
    "alpha": 0.1,
    "epsilon": 0.1,
    "gamma": 0.99
  }
}