{
  "DynaQ": {
    "q_table": [
      [
        0.0,
        0.0,
        0.0
      ],
      [
        -0.9999702,
        0.0,
        0.0
      ],
      [
        2.0868652,
        1.0576453,
        2.0597389
      ],
      [
        -0.030380994,
        0.3647912,
        2.0773513
      ]
    ],
    "model": [
      [
        [
          3,
          0
        ],
        [
          0.0,
          0
        ]
      ],
      [
        [
          3,
          1
        ],
        [
          1.0,
          1
        ]
      ],
      [
        [
          2,
          2
        ],
        [
          0.0,
          2
        ]
      ],
      [
        [
          3,
          2
        ],
        [
          -1.0,
          2
        ]
      ],
      [
        [
          1,
          0
        ],
        [
          -1.0,
          1
        ]
      ],
      [
        [
          2,
          0
        ],
        [
          1.0,
          2
        ]
      ],
      [
        [
          0,
          0
        ],
        [
          0.0,
          0
        ]
      ],
      [
        [
          1,
          1
        ],
        [
          0.0,
          1
        ]
      ],
      [
        [
          2,
          1
        ],
        [
          -1.0,
          2
        ]
      ]
    ],
    "alpha": 0.001,
    "epsilon": 0.001,
    "gamma": 0.99,
    "planning_steps": 5
  }
}